{
  "rainfall11": 4.057142857142857,
  "rainfall13": 0.17143,
  "tmax12": 35.24285714285714,
  "tmax11": 35.142857142857146,
  "tmin9": 26.342857142857145,
  "tmin11": 26.5,
  "tmean11": 30.857142857142854,
  "tmean12": 30.457142857142852,
  "rh4": 80.0,
  "rh3": 83.57142857142857,
  "rh5": 79.14285714285714,
  "rh6": 80.14285714285714,
  "wind_speed4": 1.5714285714285714,
  "wind_speed3": 1.7142857142857142,
  "wind_speed5": 1.8571428571428568,
  "wind_speed6": 1.7142857142857142,
  "cases1": 237,
  "cases2": 187,
  "cases3": 131,
  "cases4": 94,
  "cases5": 92,
  "cases6": 73,
  "cases7": 49,
  "cases8": 42,
  "target": 270
}
