{
  "rainfall11": 0.528571429,
  "rainfall13": 4.8,
  "tmax12": 32.4571428571428,
  "tmax11": 30.4142857142857,
  "tmin9": 24.5428571428571,
  "tmin11": 23.8285714285714,
  "tmean11": 27.1142857142857,
  "tmean12": 28.1428571428571,
  "rh4": 86.2857142857143,
  "rh3": 84.4285714285714,
  "rh5": 84.7142857142857,
  "rh6": 83.2857142857142,
  "wind_speed4": 1.57142857142857,
  "wind_speed3": 1.42857142857142,
  "wind_speed5": 2.85714285714285,
  "wind_speed6": 1.71428571428571,
  "cases1": 52,
  "cases2": 29,
  "cases3": 43,
  "cases4": 36,
  "cases5": 60,
  "cases6": 67,
  "cases7": 46,
  "cases8": 50,
  "target": 45
}